1,A1,A1-101,3,1208,S. Raja,A1101,aB3dG7fI9,9530701697,s.raja246@gmail.com,Occupied
2,A1,A1-102,3,1208,Perumavathy,A1102,jK8pM2rS5,9084377312,perumavathy159@gmail.com,Occupied
3,A1,A1-103,3,1208,Rajasree,A1103,qW4eR1tY9,9847115203,rajasree792@gmail.com,Occupied
4,A1,A1-104,3,1208,Vijayalakshmi Swaminathan,A1104,xC7vB3nM1,9533029673,vijayalakshmiswaminathan731@gmail.com,Occupied
5,A1,A1-201,3,1208,Ajitha Senthil Kumar,A1201,zP9oL6iJ4,9267160523,ajithasenthilkumar837@gmail.com,Occupied
6,A1,A1-202,3,1208,V Hemavathi,A1202,dF2gH8hK7,9818878023,vhemavathi412@gmail.com,Rent
7,A1,A1-203,3,1208,Gowri & Jaisankar,A1203,sD4fG6jI3,9119840928,gowrijaisankar603@gmail.com,Occupied
8,A1,A1-204,3,1208,Gopalakrishnan,A1204,kL1mN9bV2,9931056141,gopalakrishnan168@gmail.com,Occupied
9,A2,A2-101,3,1208,Brijulal,A2101,cX5vZ7nM3,9433431513,brijulal976@gmail.com,Sale
10,A2,A2-102,3,1208,Ganesh,A2102,mQ9wE4rT6,9474967915,ganesh734@gmail.com,Occupied
11,A2,A2-103,3,1208,Robert Thangasamy,A2103,uY2iO8pA1,9361273167,robertthangasamy295@gmail.com,Occupied
12,A2,A2-104,3,1208,Bindu,A2104,bH7jK5lS9,9062007841,bindu571@gmail.com,Occupied
13,A2,A2-201,3,1208,Vijayalakshmi Ravi,A2201,nB4mV2cX6,9154965883,vijayalakshmiravi838@gmail.com,Rent
14,A2,A2-202,3,1208,Srihariharan,A2202,oI1pL9kQ3,9955600734,srihariharan789@gmail.com,Occupied
15,A2,A2-203,3,1208,Kannan,A2203,tR6yU8iO2,9307109315,kannan126@gmail.com,Occupied
16,A2,A2-204,3,1208,V.Kalyanaraman,A2204,eW3rT7uY5,9602771218,v.kalyanaraman154@gmail.com,Occupied
17,A3,A3-101,3,1208,Sivasankar,A3101,fG6hJ1kL9,9795314589,sivasankar950@gmail.com,Occupied
18,A3,A3-102,3,1208,Arun Viswanath,A3102,rT2yU4iO7,9190792366,arunviswanath683@gmail.com,Occupied
19,A3,A3-103,3,1208,S Bharathi,A3103,vC8nM3bV1,9348142009,sbharathi278@gmail.com,Occupied
20,A3,A3-104,3,1208,Manoj Balachandran,A3104,gB5jK9lS2,9877817900,manojbalachandran497@gmail.com,Rent
21,A3,A3-201,3,1208,Baskar&Kavitha,A3201,wE4rT6yU3,9035260053,baskarkavitha209@gmail.com,Occupied
22,A3,A3-202,3,1208,Arun Fernandez,A3202,zX7cV9nM5,9227237675,arunfernandez753@gmail.com,Occupied
23,A3,A3-203,3,1208,Sudha Achat,A3203,dF1gH9hK3,9811621288,sudhaachat857@gmail.com,Occupied
24,A3,A3-204,3,1208,Nithin. S,A3204,sD5fG7jI6,9145964986,nithin.s924@gmail.com,Occupied
25,A4,A4-101,3,1208,Jhenukumar Subramaniam,A4101,kL3mN2bV4,9480999514,jhenukumarsubramaniam435@gmail.com,Occupied
26,A4,A4-102,3,1208,S. Arunrajaa,A4102,cX6vZ4nM8,9181159697,s.arunrajaa579@gmail.com,Occupied
27,A4,A4-103,3,1208,Aditya Venkatesan,A4103,mQ1wE9rT2,9733005548,adityavenkatesan308@gmail.com,Occupied
28,A4,A4-104,3,1208,Radha Ganesh,A4104,uY5iO7pA4,9193260149,radhaganesh683@gmail.com,Occupied
29,A4,A4-201,3,1208,Naveen Kumar P,A4201,bH3jK1lS9,9760392142,naveenkumarp345@gmail.com,Rent
30,A4,A4-202,3,1208,Satish Mahalingam,A4202,nB8mV6cX4,9053156210,satishmahalingam264@gmail.com,Occupied
31,A4,A4-203,3,1208,Mohammed Koraicy,A4203,oI6pL9kQ2,9613387526,mohammedkoraicy742@gmail.com,Occupied
32,A4,A4-204,3,1208,Muthukumar Shanmuganathan,A4204,tR4yU2iO9,9658519143,muthukumarshanmuganathan854@gmail.com,Occupied
33,A5,A5-101,3,1208,vishnu vardhan,A5101,eW7rT5uY3,9721278079,vishnuvardhan538@gmail.com,Occupied
34,A5,A5-102,3,1208,Anish,A5102,fG9hJ2kL4,9853983478,anish771@gmail.com,Rent
35,A5,A5-103,3,1208,Nandini Satish Chettiar,A5103,rT3yU6iO1,9610765382,nandinisatishchettiar@gmail.com,Occupied
36,A5,A5-104,3,1208,Guruswamy Chellamani,A5104,vC7nM9bV5,9069224849,guruswamychellamani@gmail.com,Occupied
37,A5,A5-201,3,1208,Santhosh Govind R,A5201,gB1jK8lS3,9699423902,santhoshgovindr@yahoo.com,Occupied
38,A5,A5-202,3,1208,Balasubramani Govindasamy,A5202,wE5rT7yU9,9002416655,balasubramanigovindasamy@yahoo.com,Rent
39,A5,A5-203,3,1208,Rashma Bibi,A5203,zX3cV2nM6,9189192829,rashmabibi@gmail.com,Occupied
40,A5,A5-204,3,1208,Maggi M.M,A5204,dF6gH4hK9,9256623650,maggimm@gmail.com,Occupied
41,B1,B1-101,3,1208,Nidhin Lal R,B1101,sD8fG5jI1,9485861546,nidhinlalr@gmail.com,Occupied
42,B1,B1-102,3,1208,Sreeja P,B1102,kL2mN7bV3,9376911047,sreejap@yahoo.com,Occupied
43,B1,B1-103,3,1208,Ganesh & Subathra,B1103,cX4vZ6nM9,9379181542,ganeshsubathra@gmail.com,Rent
44,B1,B1-104,3,1208,Sahul Hameed/ Muthu Mohammed Meeran,B1104,mQ7wE9rT4,9295141455,muthumohammedmeeran@yahoo.com,Occupied
45,B1,B1-201,3,1208,Ramesh Subramanian,B1201,uY1iO3pA5,9125041971,rameshsubramanian@gmail.com,Occupied
46,B1,B1-202,3,1208,Suryakanth B Jadhav,B1202,bH9jK2lS7,9747504593,suryakanthbjadhav@yahoo.com,Occupied
47,B1,B1-203,3,1208,A Archana,B1203,nB6mV5cX3,9466554161,aarchana@gmail.com,Rent
48,B1,B1-204,3,1208,N Vijayakumar,B1204,oI3pL4kQ8,9452162543,nvijayakumar@yahoo.com,Occupied
49,B2,B2-101,3,1208,S Dhanalakshmi,B2101,tR9yU6iO5,9909278340,sdhanalakshmi@gmail.com,Occupied
50,B2,B2-102,3,1208,Surendar R.T,B2102,eW2rT4uY7,9494901756,surendarrt@gmail.com,Occupied
51,B2,B2-103,3,1208,Ramesh kumar V,B2103,fG4hJ9kL1,9217490121,rameshkumarv@yahoo.com,Occupied
52,B2,B2-104,3,1208,Veeravagu S,B2104,rT7yU5iO3,9722231288,veeravagus@gmail.com,Rent
53,B2,B2-201,3,1208,Satheesh Chandran K.R,B2201,vC9nM6bV4,9651228082,satheeshchandrankr@gmail.com,Occupied
54,B2,B2-202,3,1208,Karthik Natarajan R,B2202,gB2jK3lS5,9169816564,karthiknatarajanr@yahoo.com,Occupied
55,B2,B2-203,3,1208,Bala Praveen,B2203,wE4rT8yU7,9915053881,balapraveen@yahoo.com,Rent
56,B2,B2-204,3,1208,Ranjith Sanjana,B2204,zX6cV1nM9,9866843777,ranjithsanjana@gmail.com,Occupied
57,B3,B3-101,3,1208,Kumar ( Dr. Krishnarani),B3101,dF9gH3hK4,9263540590,kumardrkrishnarani@yahoo.com,Occupied
58,B3,B3-102,3,1208,Gayathri Ramachandran,B3102,sD2fG5jI6,9743163926,gayathriramachandran@gmail.com,Occupied
59,B3,B3-103,3,1208,R. Aswin,B3103,kL5mN7bV9,9790408941,raswin@yahoo.com,Rent
60,B3,B3-104,3,1208,P Malathi,B3104,cX3vZ8nM1,9766618748,pmalathi@gmail.com,Occupied
61,B3,B3-201,3,1208,Selvaraj Meyyappan,B3201,mQ6wE4rT9,9523201654,selvarajmeyyappan@yahoo.com,Occupied
62,B3,B3-202,3,1208,RAM PRAKASH B,B3202,uY9iO2pA5,9823957963,ramprakashb@yahoo.com,Occupied
63,B3,B3-203,3,1208,Balaji,B3203,bH1jK3l,9097805496,balaji@gmail.com,Rent
64,B3,B3-204,3,1208,R Ramakrishnan,B3204,nT5gR9yK2,9725529566,rramakrishnan@yahoo.com,Occupied
65,C1,C1-101,3,1208,Monisha,C1101,qW8eR3tU6,9669098226,monisha@gmail.com,Occupied
66,C1,C1-102,3,1208,M Hemalatha,C1102,sX7cV2bN4,9910866244,mhemalatha@yahoo.com,Rent
67,C1,C1-103,3,1208,S.S.S. Raghavan,C1103,dF9gH6jM1,9933010398,sssraghavan@gmail.com,Occupied
68,C1,C1-104,3,1208,C. Banulakshmi,C1104,fG3hJ5kL7,9068588384,cbanulakshmi@yahoo.com,Occupied
69,C1,C1-201,3,1208,Prabhu Deepak,C1201,hY1iO8pA4,9531147339,prabhudeepak@gmail.com,Rent
70,C1,C1-202,3,1208,Gabriel Punithraj,C1202,jU6kI7lP3,9134944725,gabrielpunithraj@yahoo.com,Occupied
71,C1,C1-203,3,1208,Balasubramaniam.J,C1203,lN4mB2vC9,9309925327,balasubramaniamj@gmail.com,Occupied
72,C1,C1-204,3,1208,R Seethalakshmi,C1204,mQ3wE6rT9,9880415410,rseethalakshmi@yahoo.com,Occupied
73,C2,C2-101,3,1208,S. Kalyanakrishnan,C2101,pA9sD1dF5,9877406075,skalyanakrishnan@gmail.com,Rent
74,C2,C2-102,3,1208,R Kalarani,C2102,rT7yU4iO2,9821891742,rkalarani@yahoo.com,Occupied
75,C2,C2-103,3,1208,A.P. RATNA KUMARI,C2103,tG6hJ9kL3,9156338814,apratnakumari@gmail.com,Occupied
76,C2,C2-104,3,1208,S. Viswanathan,C2104,vC2bN8mB4,9658552371,sviswanathan@yahoo.com,Occupied
77,C2,C2-201,3,1208,Harish Gobi,C2201,wE4rT6yU8,9040377813,harishgobi@gmail.com,Rent
78,C2,C2-202,3,1208,Neeraj Kumar Guptha.N,C2202,xZ1cV7nM5,9725173320,neerajkumarguptha.n@yahoo.com,Occupied
79,C2,C2-203,3,1208,M Vignesh,C2203,zX9cV2bN4,9079627524,mvignesh@gmail.com,Occupied
80,C2,C2-204,3,1208,A antony Sahaya Melba,C2204,bN5mB1vC6,9202461353,aanthonysahayamelba@yahoo.com,Occupied
81,C3,C3-101,3,1208,Anandhan M P,C3101,cV8nM3bV6,9310536083,anandhanmp@gmail.com,Rent
82,C3,C3-102,3,1208,Kantilal Porwal,C3102,dF3gH9hK2,9752932084,kantilalporwal@yahoo.com,Occupied
83,C3,C3-103,3,1208,Balaji,C3103,fG7hJ1kL9,9945460086,balaji@gmail.com,Occupied
84,C3,C3-104,3,1208,V.M Janarthanan & Jayashree,C3104,hY5iO3pA2,9341832322,vmjanarthanan.jayashree@yahoo.com,Occupied
85,C3,C3-201,3,1208,Sivasangeetha Sanjay,C3201,jU3kI7lP6,9786101912,sivasangeethasanjay@gmail.com,Rent
86,C3,C3-202,3,1208,Madhu C. Divakar,C3202,lN1mB9vC2,9691903081,madhucdivakar@yahoo.com,Occupied
87,C3,C3-203,3,1208,G. AAvudai Nayagam,C3203,mQ8wE4rT7,9917970599,gaavudainayagam@gmail.com,Occupied
88,C3,C3-204,3,1208,Sandeep Sridhar,C3204,pA6sD9dF4,9564014814,sandeepsridhar@gmail.com,Rent
89,C4,C4-101,3,1208,Padmavathi M,C4101,rT4yU2iO8,9012980120,padmavathim@gmail.com,Occupied
90,C4,C4-102,3,1208,Rajiv Venkatesvaran,C4102,tG2hJ6kL5,9091708196,rajivvenkatesvaran@yahoo.com,Occupied
91,C4,C4-103,3,1208,Rajakumar & Nirmala Devi,C4103,vC9bN3mB1,9121792443,rajakumarnirmaladevi@gmail.com,Occupied
92,C4,C4-104,3,1208,Saju John,C4104,wE1rT8yU6,9330933382,sajujohn@yahoo.com,Rent
93,C4,C4-201,3,1208,S.M Ranganathan,C4201,xZ6cV5nM2,9721884000,smranganathan@gmail.com,Rent
94,C4,C4-202,3,1208,Kanhangat Damodaran,C4202,zX4cV7bN9,9752398331,kanhangatdamodaran@yahoo.com,Occupied
95,C4,C4-203,3,1208,Govarthanam Viswanathan,C4203,bN2mB4vC3,9871963772,govarthanamviswanathan@gmail.com,Occupied
96,C4,C4-204,3,1208,Srinivasan,C4204,cV7nM9bV1,9143922345,srinivasan@gmail.com,Occupied
97,C5,C5-101,3,1208,Raja,C5101,dF5gH1hK8,9546432828,raja@gmail.com,Occupied
98,C5,C5-102,3,1208,Naveed Shaikh,C5102,fG9hJ3kL5,9480099533,naveedshaikh@yahoo.com,Rent
99,C5,C5-103,3,1208,P Catherine Vanitha,C5103,hY7iO4pA1,9150094925,pcatherinevanitha@gmail.com,Rent
100,C5,C5-104,3,1208,Rahul Nair,C5104,jU5kI8lP3,9566980751,rahulnair@yahoo.com,Occupied
101,C5,C5-201,3,1208,Kannan Gopal,C5201,lN3mB6vC9,9988917655,kannangopal@gmail.com,Occupied
102,C5,C5-202,3,1208,G.Hemalatha,C5202,mQ1wE9rT4,9554161431,ghemalatha@yahoo.com,Occupied
103,C5,C5-203,3,1208,Raju,C5203,pA8sD5dF2,9600239564,raju@gmail.com,Occupied
104,C5,C5-204,3,1208,Venkata Ramana Suryanarayanan,C5204,rT6yU7iO9,9677337318,venkataramanasuryanarayanan@gmail.com,Rent
105,C6,C6-101,3,1208,Mahesh Reddy,C6101,tG4hJ9kL1,9030044456,maheshreddy@yahoo.com,Occupied
106,C6,C6-102,3,1208,SRIDHARA MENON SIVAKUMAR,C6102,vC9bN6mB3,9844523751,sridharamenonsivakumar@gmail.com,Occupied
107,C6,C6-103,3,1208,S.Naina Mohammed Basil,C6103,wE3rT2yU8,9850307561,snainamohammedbasil@yahoo.com,Occupied
108,C6,C6-104,3,1208,T. Manoharan,C6104,xZ1cV6nM9,9917642091,tmanoharan@gmail.com,Occupied
109,C6,C6-201,3,1208,Prabhakar,C6201,zX9cV4bN7,9582204665,prabhakar@gmail.com,Occupied
110,C6,C6-202,3,1208,Bhuvaneshwari,C6202,bN7mB1vC3,9670932513,bhuvaneshwari@yahoo.com,Rent
111,C6,C6-203,3,1208,Keerthi Shivarama Krishnan,C6203,cV3nM9bV6,9127212349,keerthishivaramakrishnan@gmail.com,Occupied
112,C6,C6-204,3,1208,M. Baskkaran,C6204,dF6gH2hK9,9753493165,mbaskkaran@yahoo.com,Occupied
113,D1,D1-101,2,986,Nasir Ahamed,D1101,fG4hJ7kL5,9654115052,nasirahamed@gmail.com,Occupied
114,D1,D1-102,2,986,Jayashree & Janarthanan,D1102,hY2iO9pA1,9885005862,jayashreejanarthanan@yahoo.com,Rent
115,D1,D1-103,2,986,Arun Chandra Patnaik,D1103,jU9kI4lP6,9527067328,arunchandrapatnaik@gmail.com,Occupied
116,D1,D1-104,2,986,Rammohan Sankaran,D1104,lN6mB3vC8,9070865425,rammohansankaran@yahoo.com,Occupied
117,D1,D1-201,2,986,Franklin Arul Jose.,D1201,mQ4wE7rT2,9189811170,franklinaruljose@gmail.com,Occupied
118,D1,D1-202,2,986,Rajesh Hariharan,D1202,pA2sD9dF6,9025312034,rajeshhariharan@yahoo.com,Occupied
119,D1,D1-203,2,986,Priyadharshini & Kandhimathi,D1203,rT8yU3iO5,9662093051,priyadharshinikandhimathi@gmail.com,Occupied
120,D1,D1-204,2,986,K.Narayanan,D1204,tG6hJ1kL9,9033133089,knarayanan@yahoo.com,Occupied
121,D2,D2-101,2,986,Bhupalan,D2101,vC3bN7mB4,9289626572,bhupalan@gmail.com,Occupied
122,D2,D2-102,2,986,V. Boothalingam,D2102,wE1rT9yU2,9421099354,vboothalingam@yahoo.com,Rent
123,D2,D2-103,2,986,J. Benstein,D2103,xZ9cV5nM7,9989528445,jbenstein@gmail.com,Occupied
124,D2,D2-104,2,986,Rohit Krishnan,D2104,zX7cV2bN4,9685889451,rohitkrishnan@yahoo.com,Occupied
125,D2,D2-201,2,986,Nandakishore,D2201,bN5mB8vC3,9082808399,nandakishore@gmail.com,Occupied
126,D2,D2-202,2,986,K Bhaskar,D2202,cV2nM6bV9,9715887703,kbhaskar@yahoo.com,Occupied
127,D2,D2-203,2,986,Brinda Shree S M,D2203,dF9gH3hK5,9971841970,brindashreesm@gmail.com,Occupied
128,D2,D2-204,2,986,Vishal Raghavan,D2204,fG7hJ1kL6,9635245710,vishalraghavan@yahoo.com,Occupied
129,D3,D3-101,2,986,Maneesh Manju N.P,D3101,hY4iO2pA8,9173511791,maneeshmanjunp@gmail.com,Rent
130,D3,D3-102,2,986,Mr. R. Mohan Kumar,D3102,jU2kI9lP3,9163137226,r.mohankumar@gmail.com,Occupied
131,D3,D3-103,2,986,Pramoth Kumar,D3103,lN9mB5vC7,9315456014,pramothkumar@yahoo.com,Occupied
132,D3,D3-104,2,986,Mary Margaret Robinson,D3104,mQ6wE4rT2,9671671558,marymargaretrobinson@gmail.com,Occupied
133,D3,D3-201,2,986,Sushatha Vasudevan,D3201,pA3sD7dF9,9770011075,sushathavasudevan@yahoo.com,Occupied
134,D3,D3-202,2,986,Jaya Krishnan.V,D3202,rT1yU8iO6,9848517830,jayakrishnanv@gmail.com,Occupied
135,D3,D3-203,2,986,Indira Aravindan,D3203,tG8hJ2kL4,9615917960,indiraaravindan@yahoo.com,Rent
136,D3,D3-204,2,986,Malarvizhi K,D3204,vC6bN9mB3,9888161875,malarvizhik@gmail.com,Rent
137,D4,D4-101,2,986,Sendhuraan. N.K.K,D4101,wE4rT7yU1,9164459909,sendhuraan.nkk@gmail.com,Occupied
138,D4,D4-102,2,986,S. Sakthivel,D4102,xZ2cV9nM6,9734767745,ssakthivel@gmail.com,Occupied
139,D4,D4-103,2,986,Suganthi,D4103,zX9cV6bN4,9690237822,suganthi@yahoo.com,Occupied
140,D4,D4-104,2,986,Jawaharali,D4104,bN7mB3vC9,9944739172,jawaharali@gmail.com,Occupied
141,D4,D4-201,2,986,Padmini Suresh,D4201,cV4nM1bV5,9939191148,padminisuresh@yahoo.com,Occupied
142,D4,D4-202,2,986,A. Sanjeev Raj,D4202,dF2gH9hK7,9790070558,asanjeevraj@gmail.com,Occupied
143,D4,D4-203,2,986,Saravanan Kadhirvel,D4203,fG9hJ4kL2,9260007115,saravanan.kadhirvel@yahoo.com,Occupied
144,D4,D4-204,2,986,Nirmaladevi R,D4204,hY7iO1pA9,9042628577,nirmaladevir@gmail.com,Rent
145,E1,E1-101,2,986,U Sangita,E1101,jU5kI3lP6,9500270007,usangita@yahoo.com,Occupied
146,E1,E1-102,2,986,Karthika Jayarajan,E1102,lN3mB9vC4,9312631652,karthikajayarajan@gmail.com,Occupied
147,E1,E1-103,2,986,Karuppusamy&Devi,E1103,mQ1wE7rT9,9489358279,karuppusamydevi@gmail.com,Occupied
148,E1,E1-104,2,986,V.Elakiya,E1104,pA9sD5dF2,9107130006,velakiyav@gmail.com,Occupied
149,E1,E1-201,2,986,Kamala Devi Sreekumar,E1201,rT7yU2iO4,9859267898,kamaladevisreekumar@yahoo.com,Rent
150,E1,E1-202,2,986,K. Kumarasamy,E1202,tG5hJ9kL3,9393729719,kkumarasamy@gmail.com,Occupied
151,E1,E1-203,2,986,Sivakumar,E1203,vC3bN6mB1,9136882135,sivakumar@gmail.com,Occupied
152,E1,E1-204,2,986,Mariappan,E1204,wE1rT8yU6,9996425368,mariappan@gmail.com,Occupied
153,E2,E2-101,2,986,Gowri Shankar / SBI,E2101,xZ9cV5nM2,9276116193,gowrishankar.sbi@gmail.com,Rent
154,E2,E2-102,2,986,Durai Aravind & Kumudha,E2102,zX7cV2bN4,9322231526,duraiaravind.kumudha@yahoo.com,Occupied
155,E2,E2-103,2,986,R Sujini,E2103,bN5mB8vC6,9240881330,rsujini@gmail.com,Occupied
156,E2,E2-104,2,986,Ranjana Venugopal,E2104,cV2nM6bV9,9915880214,ranjanavenugopal@yahoo.com,Occupied
157,E2,E2-201,2,986,C Vijaya Krishnan,E2201,dF9gH3hK5,9401104782,cvijayakrishnan@gmail.com,Occupied
158,E2,E2-202,2,986,Vinod G,E2202,fG7hJ1kL6,9516991249,vinodg@gmail.com,Occupied
159,E2,E2-203,2,986,Vignesh Bala Nagarajan,E2203,hY4iO2pA8,9219121431,vigneshbalanagarajan@yahoo.com,Occupied
160,E2,E2-204,2,986,Vivek Infant Claud P,E2204,jU2kI9lP3,9377373827,vivekinfantclaudp@gmail.com,Occupied
161,E3,E3-101,2,986,Dinesh Kumar / L & T,E3101,lN9mB5vC7,9710114976,dineshkumar.lt@gmail.com,Rent
162,E3,E3-102,2,986,R SRIVIDHYA,E3102,mQ6wE4rT2,9604819381,rsrividhya@gmail.com,Occupied
163,E3,E3-103,2,986,TATTAMANGALAM SUBRAMANIAN SREENIVAS,E3103,pA3sD7dF9,9482389403,tattamangalamsreenivas@gmail.com,Occupied
164,E3,E3-104,2,986,P Sumathi,E3104,rT1yU8iO6,9844366839,psumathi@gmail.com,Occupied
165,E3,E3-201,2,986,S T Sujatha,E3201,tG8hJ2kL4,9002288471,stsujatha@yahoo.com,Occupied
166,E3,E3-202,2,986,Satish Kumar,E3202,vC6bN9mB3,9817447291,satishkumar@gmail.com,Rent
167,E3,E3-203,2,986,T. Anbazhagan,E3203,wE4rT7yU1,9051028002,tanbazhagan.t@gmail.com,Occupied
168,E3,E3-204,2,986,N Amarnath,E3204,xZ2cV9nM6,9653575185,namarnath@yahoo.com,Occupied
169,F1,F1-101,3,1208,A. Kousalya,F1101,zX9cV6bN4,9533703923,akousalya@gmail.com,Occupied
170,F1,F1-102,3,1208,Soundara Pandian Murugesan,F1102,bN7mB3vC9,9234464299,soundarapandianmurugesan@yahoo.com,Rent
171,F1,F1-103,3,1208,Subburaj.R,F1103,cV4nM1bV5,9294640611,subburaj.r@gmail.com,Occupied
172,F1,F1-104,3,1208,K Murugaiah,F1104,dF2gH9hK7,9045173819,kmurugaiah@yahoo.com,Occupied
173,F1,F1-201,3,1208,Yashmin / Hakkim,F1201,fG9hJ4kL2,9253522958,yashmin.hakkim@gmail.com,Occupied
174,F1,F1-202,3,1208,Sampathkumar B,F1202,hY7iO1pA9,9726035831,sampathkumar.b@gmail.com,Occupied
175,F1,F1-203,3,1208,V Srinath,F1203,jU5kI3lP6,9451548711,vsrinath@yahoo.com,Sale
176,F1,F1-204,3,1208,S. Shankar Vadivel,F1204,lN3mB9vC4,9169977789,sshankarvadivel@gmail.com,Occupied
177,F2,F2-101,3,1208,MANORANJAN K,F2101,mQ1wE7rT9,9022656754,manoranjan.krishnan@gmail.com,Occupied
178,F2,F2-102,3,1208,Lavanya Kalikivayi,F2102,pA9sD5dF2,9912217901,lavanyakalikivayi@yahoo.com,Occupied
179,F2,F2-103,3,1208,Rajesh Sivanesan,F2103,rT7yU2iO4,9768104793,rajeshsivanesan@gmail.com,Occupied
180,F2,F2-104,3,1208,Miller John / HDFC,F2104,tG5hJ9kL3,9131043684,millerjohn.hdfc@yahoo.com,Rent
181,F2,F2-201,3,1208,Hariharan,F2201,vC3bN6mB1,9124407923,hariharan@gmail.com,Occupied
182,F2,F2-202,3,1208,S.Rassul Hari,F2202,wE1rT8yU6,9788486005,srassulhari@yahoo.com,Occupied
183,F2,F2-203,3,1208,R Kartik,F2203,xZ9cV5nM2,9844740372,rkartik1987@gmail.com,Rent
184,F2,F2-204,3,1208,Meena.R,F2204,zX7cV2bN4,9240181215,meena.r1992@yahoo.com,Occupied
185,F3,F3-101,3,1208,Fairunnisha.H,F3101,bN5mB8vC6,9910737641,fairunnisha.h76@gmail.com,Occupied
186,F3,F3-102,3,1208,Badhrutheen.S,F3102,cV2nM6bV9,9607746605,badhrutheen.s33@yahoo.com,Occupied
187,F3,F3-103,3,1208,Mansoor,F3103,dF9gH3hK5,9336113013,mansoor_1990@gmail.com,Occupied
188,F3,F3-104,3,1208,P Mogan Raja,F3104,fG7hJ1kL6,9693105677,pmoganraja82@yahoo.com,Rent
189,F3,F3-201,3,1208,Natarajan Iyer V,F3201,hY4iO2pA8,9585972167,natarajaniyerv95@gmail.com,Occupied
190,F3,F3-202,3,1208,N.S Hyder Ali,F3202,aB3dG7fI9,9659491996,nshyderali_88@yahoo.com,Occupied
191,F3,F3-203,3,1208,Thamaraivani,F3203,jK8pM2rS5,9311263215,thamaraivani99@gmail.com,Occupied
192,F3,F3-204,3,1208,T P Thiyagarajen,F3204,qW4eR1tY9,9682969491,tpthiyagarajen76@yahoo.com,Occupied
193,F4,F4-101,3,1208,Karunamoorthy,F4101,xC7vB3nM1,9131128202,karunamoorthy94@gmail.com,Rent
194,F4,F4-102,3,1208,Hamshalakshmi,F4102,zP9oL6iJ4,9599713934,hamshalakshmi22@yahoo.com,Occupied
195,F4,F4-103,3,1208,M.AL. Karuppien,F4103,dF2gH8hK7,9922758845,malkaruppien77@gmail.com,Occupied
196,F4,F4-104,3,1208,Sivaraman Sathison,F4104,sD4fG6jI3,9908360864,sivaramansathison@gmail.com,Rent
197,F4,F4-201,3,1208,Latha P Mukalidharan,F4201,kL1mN9bV2,9761818009,lathapmukalidharan86@yahoo.com,Occupied
198,F4,F4-202,3,1208,P.Muralidharan,F4202,cX5vZ7nM3,9203743181,pmuralidharan81@gmail.com,Occupied
199,F4,F4-203,3,1208,Shankar,F4203,mQ9wE4rT6,9338396826,shankar_94@yahoo.com,Occupied
200,F4,F4-204,3,1208,Sujit Nair,F4204,uY2iO8pA1,9464246443,sujitnair_87@gmail.com,Occupied
201,F5,F5-101,3,1208,Juliet Gladies,F5101,bH7jK5lS9,9922443741,julietgladies99@yahoo.com,Occupied
202,F5,F5-102,3,1208,S.Srilatha,F5102,nB4mV2cX6,9549366263,ssrilatha_91@gmail.com,Rent
203,F5,F5-103,3,1208,S. V Ramyya,F5103,oI1pL9kQ3,9785414844,s.vramyya246@gmail.com,Occupied
204,F5,F5-104,3,1208,K.Chandrasekar,F5104,tR6yU8iO2,9774360824,k.chandrasekar532@yahoo.com,Occupied
205,F5,F5-201,3,1208,Yasmin,F5201,eW3rT7uY5,9196650176,yasmin879@gmail.com,Occupied
206,F5,F5-202,3,1208,Murali / Girija Priya,F5202,fG6hJ1kL9,9777649789,murali.girijapriya756@yahoo.com,Occupied
207,F5,F5-203,3,1208,R. Mahendran,F5203,rT2yU4iO7,9497075807,r.mahendran681@gmail.com,Sale
208,F5,F5-204,3,1208,K.G Vinoth Kumar,F5204,vC8nM3bV1,9743796232,k.gvinothkumar412@yahoo.com,Rent
209,G1,G1-101,3,1208,Muralidharan,G1101,gB5jK9lS2,9328484222,muralidharan578@gmail.com,Occupied
210,G1,G1-102,3,1208,P. Rolin Corera,G1102,wE4rT6yU3,9227317485,p.rolincorera691@yahoo.com,Occupied
211,G1,G1-103,3,1208,Sebastian P. Paily,G1103,zX7cV9nM5,9504003180,sebastian.p.paily214@gmail.com,Occupied
212,G1,G1-104,3,1208,Akkila Syed Hassan,G1104,dF1gH9hK3,9400396410,akkilasyedhassan899@yahoo.com,Occupied
213,G1,G1-201,3,1208,Mohan Ganesan,G1201,sD5fG7jI6,9152966704,mohanganesan115@gmail.com,Occupied
214,G1,G1-202,3,1208,Mohan Ganeshan,G1202,kL3mN2bV4,9056086260,mohanganeshan567@yahoo.com,Occupied
215,G1,G1-203,3,1208,G. Sriram,G1203,cX6vZ4nM8,9691653382,g.sriram331@gmail.com,Rent
216,G1,G1-204,3,1208,Sabu Joseph,G1204,mQ9wE4rT2,9372879329,sabujoseph988@yahoo.com,Occupied
217,G2,G2-101,3,1208,D Robert Mascerenhas,G2101,uY2iO8pA5,9801999287,d.robertmascerenhas443@gmail.com,Occupied
218,G2,G2-102,3,1208,Greha Vivit Dalal,G2102,bH7jK5lS9,9505079215,grehavivitdalal790@yahoo.com,Occupied
219,G2,G2-103,3,1208,Silvin / Prasanth,G2103,nB4mV2cX6,9523922940,silvin.prasanth673@gmail.com,Occupied
220,G2,G2-104,3,1208,N Karthik,G2104,oI1pL9kQ3,9871999664,nkarthik978@yahoo.com,Occupied
221,G2,G2-201,3,1208,Praveen Thomas Kurian,G2201,tR6yU8iO2,9236308775,praveenthomaskurian614@gmail.com,Occupied
222,G2,G2-202,3,1208,Madhu Kuttat.,G2202,eW3rT7uY5,9277919755,madhukuttat753@yahoo.com,Occupied
223,G2,G2-203,3,1208,Sreelakshmi Ganesh,G2203,fG6hJ1kL9,9827214319,sreelakshmiganesh895@gmail.com,Rent
224,G2,G2-204,3,1208,Sujitha Sathasivam,G2204,rT2yU4iO7,9538908518,sujithasathasivam412@yahoo.com,Occupied
225,H1,H1-001,1,556,Sathya Narayanan,H1001,vC8nM3bV1,9180584560,sathyanarayanan315@gmail.com,Occupied
226,H1,H1-002,1,556,Malini Ananthakrishnan,H1002,gB5jK9lS2,9902419247,maliniananthakrishnan724@yahoo.com,Occupied
227,H1,H1-003,1,556,Vetriselvan / Balaji,H1003,wE4rT6yU3,9857747456,vetriselvan.balaji547@gmail.com,Occupied
228,H1,H1-004,1,556,Rajasekhar P,H1004,zX7cV9nM5,9254661464,rajasekharp895@yahoo.com,Rent
229,H1,H1-101,1,556,S.Bala Murugan,H1101,dF1gH9hK3,9232056111,s.balamurugan211@gmail.com,Occupied
230,H1,H1-102,1,556,Vishnu Varma V,H1102,sD5fG7jI6,9302126751,vishnuvarmav925@yahoo.com,Occupied
231,H1,H1-103,1,556,Deva Kannan,H1103,kL3mN2bV4,9218521850,devakik194@gmail.com,Occupied
232,H1,H1-104,1,556,Meenakshi,H1104,cX6vZ4nM8,9664949496,meenakshi672@gmail.com,Occupied
233,H2,H2-001,1,556,Sathya priya & Saravanan,H2001,mQ9wE4rT2,9703395634,sathyapriya.saravanan785@yahoo.com,Occupied
234,H2,H2-002,1,556,Manirajan,H2002,uY2iO8pA5,9265212240,manirajan398@gmail.com,Occupied
235,H2,H2-003,1,556,Senthil Kumar B,H2003,bH7jK5lS9,9808464279,senthilkumar.b514@yahoo.com,Occupied
236,H2,H2-004,1,556,G Ananthapadmanabhan,H2004,nB4mV2cX6,9558226241,g.ananthapadmanabhan231@gmail.com,Rent
237,H2,H2-101,1,556,Devaki,H2101,oI1pL9kQ3,9018043862,devaki897@yahoo.com,Occupied
238,H2,H2-102,1,556,Gokul Gopinath,H2102,tR6yU8iO2,9056457492,gokulgopinath741@yahoo.com,Occupied
239,H2,H2-103,1,556,Chitra Devi A / Anish,H2103,eW3rT7uY5,9728536752,chitradeviaanish967@gmail.com,Rent
240,H2,H2-104,1,556,Siva Ganesh,H2104,fG6hJ1kL9,9843124687,sivaganesh287@yahoo.com,Occupied
241,H3,H3-001,1,556,Jayan & Visalakshi,H3001,rT2yU4iO7,9234413789,jayan.visalakshi202@gmail.com,Occupied
242,H3,H3-002,1,556,Seenivasan M,H3002,vC8nM3bV1,9426187317,seenivasanm667@yahoo.com,Occupied
243,H3,H3-003,1,556,RAJAGOPALAN KRISHNAN,H3003,gB5jK9lS2,9541667281,rajagopalankrishnan784@gmail.com,Occupied
244,H3,H3-004,1,556,Shakunthala swamy,H3004,wE4rT6yU3,9993872366,shakunthalaswamy563@yahoo.com,Rent
245,H3,H3-101,1,556,Mehrunnissa,H3101,zX7cV9nM5,9312383825,mehrunnissa217@gmail.com,Occupied
246,H3,H3-102,1,556,Nathan & Nathan Consultants Pvt. Ltd.,H3102,dF1gH9hK3,9219164953,nathan.nathanconsultantspvtltd432@yahoo.com,Sale
247,H3,H3-103,1,556,Gayathri Anandkumar,H3103,sD5fG7jI6,9559008804,gayathrianandkumar875@gmail.com,Occupied
248,H3,H3-104,1,556,Suseela Kumaravel,H3104,kL3mN2bV4,9612787641,suseelakumaravel125@yahoo.com,Occupied
249,K1,K1-001,1,556,Srihari D,K1001,cX6vZ4nM8,9720436587,sriharid324@gmail.com,Occupied
250,K1,K1-002,1,556,Athul.M,K1002,mQ9wE4rT2,9385131498,athulm802@yahoo.com,Rent
251,K1,K1-003,1,556,S. Balasubramanian,K1003,uY2iO8pA5,9673110662,s.balasubramanian221@gmail.com,Occupied
252,K1,K1-004,1,556,B. Hariharan,K1004,bH7jK5lS9,9365903651,b.hariharan777@yahoo.com,Occupied
253,K1,K1-101,1,556,M.Syed Asakar,K1101,nB4mV2cX6,9532415468,m.syedasakar109@gmail.com,Occupied
254,K1,K1-102,1,556,K. A Beatrice,K1102,oI1pL9kQ3,9095520482,k.abeatrice645@yahoo.com,Occupied
255,K1,K1-103,1,556,Kurian Noble Mathew,K1103,tR6yU8iO2,9380530894,kuriannoblemathew418@gmail.com,Occupied
256,K1,K1-104,1,556,N.Chitra,K1104,eW3rT7uY5,9562824172,n.chitra845@yahoo.com,Rent
257,M1,M1-001,1,556,Arun Kumar K,M1001,fG6hJ1kL9,9375108476,arunkumark754@gmail.com,Occupied
258,M1,M1-002,1,556,Muthachen John Kuriyan,M1002,rT2yU4iO7,9115581993,muthachenjohnkuriyan123@yahoo.com,Occupied
259,M1,M1-003,1,556,Prabha & Shankar,M1003,vC8nM3bV1,9104636016,prabha.shankar542@gmail.com,Occupied
260,M1,M1-004,1,556,Pradeep Kumar,M1004,gB5jK9lS2,9928563452,pradeepkumar312@yahoo.com,Rent
261,M1,M1-005,1,556,Shyju Kuttiyil Sukumaran,M1005,wE4rT6yU3,9259731494,shyjukuttiyilsukumaran617@gmail.com,Occupied
262,M1,M1-006,1,556,Latha Vasanthan,M1006,zX7cV9nM5,9228545002,lathavasanthan672@yahoo.com,Occupied
263,M1,M1-101,1,556,UNSOLD,M1101,dF1gH9hK3,9872155655,providenthousing@gmail.com,Occupied
264,M1,M1-102,1,556,N Vinod Kumar,M1102,sD5fG7jI6,9315291066,nvinodkumar524@yahoo.com,Sale
265,M1,M1-103,1,556,Paramasivam,M1103,kL3mN2bV4,9353023096,paramasivam542@gmail.com,Occupied
266,M1,M1-104,1,556,V. Radhalakshmi,M1104,cX6vZ4nM8,9265048687,v.radhalakshmi972@yahoo.com,Occupied
267,M1,M1-105,1,556,M/S B & W Wealth Consultants,M1105,mQ9wE4rT2,9219999008,msbwwealthconsultants209@gmail.com,Rent
268,M1,M1-106,1,556,S.Kalyani,M1106,uY2iO8pA5,9289320060,s.kalyani451@yahoo.com,Occupied
269,N1,N1-001,1,556,Meenakshisundaram B,N1001,bH7jK5lS9,9480612244,meenakshisundaramb212@gmail.com,Occupied
270,N1,N1-002,1,556,Vibinth A,N1002,nB4mV2cX6,9299528420,vibintha461@yahoo.com,Occupied
271,N1,N1-003,1,556,Tarang Gupta,N1003,oI1pL9kQ3,9544971202,taranggupta664@gmail.com,Sale
272,N1,N1-004,1,556,Usha Madhavan,N1004,tR6yU8iO2,9863222978,ushamadhavan587@yahoo.com,Occupied
273,N1,N1-005,1,556,Jayaprakash,N1005,eW3rT7uY5,9659286297,jayaprakash489@gmail.com,Occupied
274,N1,N1-006,1,556,D.Karthik Kumar,N1006,fG6hJ1kL9,9618488184,d.karthikkumar327@yahoo.com,Occupied
275,N1,N1-101,1,556,Arun Palakkandy,N1101,rT2yU4iO7,9137371507,arunpalakkandy234@gmail.com,Rent
276,N1,N1-102,1,556,Vamanan Gangadharan,N1102,vC8nM3bV1,9459937718,vamanangangadharan197@yahoo.com,Occupied
277,N1,N1-103,1,556,Subramani,N1103,gB5jK9lS2,9618415417,subramani692@gmail.com,Occupied
278,N1,N1-104,1,556,Shankar Babu,N1104,wE4rT6yU3,9536619528,shankarbabu805@yahoo.com,Occupied
279,N1,N1-105,1,556,J R Rajendran,N1105,zX7cV9nM5,9557277799,jrrajendran457@gmail.com,Occupied
280,N1,N1-106,1,556,J. Kanakamuthu,N1106,dF1gH9hK3,9756099826,j.kanakamuthu532@yahoo.com,Rent